uid,group,entry,C,qmin,status,rmsd_C,clash,n_comp,f1_comp,f1_pair
O00203_Q92572,low,9c5b,Q9Y2T2,0.06507915,ok,3.1276845281618493,True,293.0,0.03745318352059925,0.0
O00203_Q9Y2T2,confident,9c59,Q92572,0.06507915,ok,0.509190063428409,False,49.0,0.13953488372093023,0.8768768768768769
O00399_Q9BTE1,confident,9b7j,Q9UJW0,0.32811815,ok,1.7461206365679884,False,42.0,0.6590909090909091,0.8421052631578947
O00399_Q9NZ32,low,9b85,Q9UJW0,0.32811815,ok,2.411451744827785,False,14.0,0.7428571428571429,0.0
O00399_Q9UJW0,confident,9b85,Q9BTE1,0.52388695,ok,0.346753927391453,False,19.0,0.782608695652174,0.88
O14617_Q92572,confident,9c5c,Q9Y2T2,0.06507915,ok,1.1232836480856923,True,100.0,0.192090395480226,
O43257_Q9GZN1,confident,8x1c,O95619,0.03288537,ok,0.8360305659395674,False,39.0,0.0,0.8918918918918919
O43257_Q9Y230,low,9ca9,Q9Y265,0.03252739,fetch error 'Q9Y265-Q9Y230.pdb;ENSG00000175792-ENSG00000183207.pdb',,,,,
O43257_Q9Y265,low,8x1c,Q9Y230,0.03589768,fetch error 'Q9Y265-Q9Y230.pdb;ENSG00000175792-ENSG00000183207.pdb',,,,,
O43292_Q969N2,confident,7w72,Q96S52,0.03978435,ok,1.373922721068361,False,53.0,0.375,0.9037037037037037
O60826_Q567U6,confident,8p0v,Q8TCE6,0.31903373,ok,0.2941630880904114,True,178.0,0.32495164410058025,0.9336870026525199
O60826_Q7Z3J2,confident,8p0x,Q9UBQ0,0.03138293,ok,0.4102443010317238,True,343.0,0.06097560975609756,0.47058823529411764
O60826_Q7Z4G1,low,8f2u,Q9GZQ3,0.29002513,ok,2.844235449980944,False,54.0,0.0898876404494382,0.0
O60826_Q86VX2,low,8f2u,Q9UBI1,0.10191357,ok,5.095914420812501,False,91.0,0.3018867924528302,0.0
O60826_Q86X83,low,8f2u,Q567U6,0.43709792,ok,40.716364363357954,False,70.0,0.2597402597402597,0.2
O60826_Q8TCE6,confident,8p0v,Q567U6,0.31903373,ok,43.24207225982756,False,9.0,0.0,0.8823529411764706
O60826_Q9GZQ3,confident,8p0w,Q9UBI1,0.23457639,ok,2.2187542118689367,False,105.0,0.12612612612612611,0.935064935064935
O60826_Q9H0A8,low,8f2u,Q9GZQ3,0.21725665,ok,1.9404111031600286,True,114.0,0.0,0.0
O60826_Q9P000,low,8p0w,Q9UBI1,0.22391997,ok,4.7219778551221765,True,260.0,0.07228915662650602,0.0
O60826_Q9UBI1,confident,8p0w,Q9GZQ3,0.23457639,ok,2.513173015016685,True,202.0,0.45185185185185184,0.7142857142857143
O60826_Q9Y6G5,low,8p0w,Q9UBI1,0.24294248,ok,3.8831940167552035,True,163.0,0.015384615384615385,0.0
O75683_Q99848,low,8fks,Q02878,0.03299606,ok,5.632264807509545,True,184.0,0.038461538461538464,0.0
O75935_Q13561,confident,9b7j,Q14203,0.35492699,ok,33.33040253441759,True,81.0,0.25210084033613445,
O75947_P25705,low,8h9s,P06576,0.05661779,ok,0.32304162937304276,False,0.0,0.0,0.23529411764705882
O75964_P24539,low,8h9m,P56385,0.03881871,ok,1.1403520279221593,False,54.0,0.6190476190476191,0.8108108108108109
O75964_P56385,confident,8h9u,P24539,0.03881871,ok,1.964101759232146,False,41.0,0.5436893203883495,0.9421487603305785
O76021_P62424,low,8ine,Q02878,0.03239575,ok,4.98276405950916,True,221.0,0.04484304932735426,0.0
O94874_Q96JB5,confident,8ohd,Q96HY6,0.46259472,ok,23.38075337227367,True,243.0,0.02214022140221402,0.8794326241134752
O94927_Q68CZ6,confident,7sqk,Q9H6D7,0.63534601,fetch error 'Q9H6D7-Q68CZ6.pdb;Q68CZ6-Q9H6D7.pdb',,,,,
O94927_Q9H6D7,confident,7sqk,Q68CZ6,0.6442198,fetch error 'Q9H6D7-Q68CZ6.pdb;Q68CZ6-Q9H6D7.pdb',,,,,
O94927_Q9NVX0,confident,7sqk,Q99871,0.22206795,no exact-seq mapping,,,,,
O95163_Q9H9T3,confident,8ptx,Q6IA86,0.1746307,ok,0.6956670596412593,True,646.0,0.23631123919308358,0.8623853211009175
O95229_Q96IY1,low,8ppr,Q9H081,0.05709335,ok,7.3435758815736545,False,16.0,0.0,0.0
O95456_P25786,low,8tm6,P28074,0.04052099,ok,0.22389267577896493,True,301.0,0.18658892128279883,0.061855670103092786
O95478_Q13823,low,8rl2,Q9BZE4,0.03324676,ok,11.748134979605835,True,369.0,0.25820568927789933,0.0
O95478_Q99848,low,8fkx,P61313,0.07099135,ok,4.067418360727651,False,67.0,0.0,0.0
O95478_Q9BZE4,low,8fl3,Q13823,0.03499853,ok,6.338041417875412,True,116.0,0.06493506493506493,0.0
O95619_Q9NPF5,confident,9y3d,Q15906,0.03522371,ok,20.971960288544356,True,202.0,0.41064638783269963,0.9591836734693877
P06576_P18859,low,8ki3,O75947,0.05661779,ok,1.7415363081640947,False,18.0,0.0,0.0
P06576_P36542,confident,8h9v,P25705,0.15787435,ok,0.28031947071084296,False,10.0,0.15,0.6268656716417911
P06576_P48047,low,8h9e,P25705,0.13895973,ok,0.24681107607728106,False,16.0,0.17391304347826086,0.0
P17980_Q16401,low,9pro,P62195,0.05427753,ok,6.057085492174168,False,71.0,0.021052631578947368,0.0
P18859_P48047,low,8h9u,O75947,0.03442343,ok,1.9608496520978478,False,2.0,0.0,0.0
P20618_Q9Y244,low,8yix,Q99436,0.25489971,fetch error 'P20618-Q99436.pdb;Q99436-P20618.pdb',,,,,
P24539_P48047,confident,8ki3,O75947,0.03442343,ok,2.214008720871068,False,0.0,0.0,0.8461538461538461
P24539_P56385,low,8h9j,O75964,0.07055349,ok,2.2176215678903293,False,6.0,0.3,0.4
P25789_Q9Y244,low,8tm5,Q99436,0.03496501,ok,3.2298150518669604,True,213.0,0.23214285714285715,0.0
P28066_Q9Y244,low,8yix,Q99436,0.25489971,ok,2.662855483997394,False,77.0,0.11363636363636363,0.0
P30049_P36542,confident,8h9f,P24539,0.0313218,ok,6.031118545731345,False,0.0,0.0,0.9380530973451328
P35998_Q16401,low,9pro,P62195,0.05427753,fetch error 'P35998-P62195.pdb;P62195-P35998.pdb',,,,,
P40429_Q99848,confident,8fkq,Q9Y3U8,0.03518252,ok,1.9864819639374234,False,106.0,0.16091954022988506,0.509090909090909
P49720_Q9Y244,low,8tm4,Q99436,0.25489971,ok,7.381601780896271,False,0.0,0.0,0.0
P49755_Q15363,confident,21gl,Q9BVK6,0.5032318,ok,1.763015749495483,True,139.0,0.5964912280701754,0.7142857142857143
P49755_Q9Y3A6,confident,21gm,Q15363,0.42171598,ok,20.6513802220384,False,101.0,0.6375,0.22950819672131148
P50990_Q9H2J4,low,7nvm,P50991,0.04954716,ok,2.064712770137145,False,77.0,0.0,0.0
P61163_Q14203,low,9b7j,Q13561,0.15556976,ok,30.32339489193782,True,291.0,0.02564102564102564,0.0
P61163_Q9NZ32,confident,9b7j,Q9UJW0,0.29682267,ok,3.3153742341435875,False,17.0,0.2033898305084746,0.7391304347826086
P62191_Q16401,low,9pro,P62195,0.05427753,fetch error 'P62191-P62195.pdb;P62195-P62191.pdb',,,,,
P62195_Q16401,low,9pro,P62191,0.04261472,fetch error 'P62191-P62195.pdb;P62195-P62191.pdb',,,,,
P62333_Q16401,low,9pro,P62195,0.05427753,fetch error 'P62195-P62333.pdb;P62333-P62195.pdb;ENSG00000087191-ENSG00000100519.pdb',,,,,
P62424_Q8IY81,low,8fks,Q02878,0.03343,ok,4.079364901621527,True,289.0,0.19047619047619047,0.0
P62424_Q9BYG3,low,8fkr,Q8IY81,0.03192442,ok,29.930840187057147,False,0.0,0.0,0.0
P63151_Q96E09,low,8so0,P30153,0.09100768,ok,2.4222530437940795,True,147.0,0.203125,0.3888888888888889
Q13352_Q71F23,low,9tax,Q6IPU0,0.16775228,ok,6.133132152370869,False,121.0,0.6153846153846154,0.0
Q13352_Q7L2Z9,low,9tax,Q71F23,0.03584899,ok,2.064158812553889,False,37.0,0.0,0.0
Q13352_Q9BU64,confident,9tax,Q6IPU0,0.16775228,fetch error 'Q6IPU0-Q9BU64.pdb;ENSG00000138092-ENSG00000188312.pdb',,,,,
Q13561_Q14203,confident,9b7j,O75935,0.35492699,fetch error 'Q13561-O75935.pdb;O75935-Q13561.pdb',,,,,
Q14457_Q6ZNE5,confident,9tz3,Q96F24,0.03191706,ok,9.640825817829834,False,94.0,0.2746478873239437,0.9377777777777778
Q14457_Q96F24,low,9rx7,Q6ZNE5,0.03572153,ok,5.834641404626787,False,11.0,0.0,0.0
Q15024_Q8TF46,low,9g8m,Q96B26,0.11203931,ok,0.3913854525978649,True,154.0,0.24731182795698925,0.6875
Q15050_Q8TDN6,low,8fkx,Q99848,0.23083069,ok,30.77016486920897,False,18.0,0.0,0.0
Q15050_Q99848,confident,8fkv,Q8IY81,0.04191873,ok,35.606458940600554,True,207.0,0.26666666666666666,0.6746987951807228
Q15363_Q9BVK6,confident,21gm,P49755,0.5032318,ok,1.304467951018781,False,84.0,0.7034482758620689,0.8
Q15363_Q9Y3A6,confident,21gl,P49755,0.63798367,ok,1.901688356141134,True,394.0,0.15424164524421594,0.20408163265306123
Q15906_Q9NPF5,low,8xvg,Q9Y230,0.03168999,ok,0.6564654733983523,True,229.0,0.14035087719298245,0.0
Q15906_Q9Y230,low,9y3e,Q9NPF5,0.03287541,ok,8.471200033610964,True,205.0,0.12931034482758622,0.0
Q15906_Q9Y265,low,8x1c,Q9NPF5,0.04384545,ok,9.001786061455167,True,229.0,0.1556420233463035,0.0
Q567U6_Q86VX2,low,8p0w,Q86X83,0.43709792,ok,5.322442942899932,False,10.0,0.12121212121212122,0.0
Q567U6_Q86X83,confident,8f2u,O60826,0.03811612,ok,35.71258528555924,False,64.0,0.06521739130434782,0.7529411764705882
Q567U6_Q8TCE6,confident,8p0v,O60826,0.55439913,ok,41.06297039054761,True,293.0,0.017316017316017316,0.5555555555555556
Q567U6_Q9UBI1,low,8p0w,Q86X83,0.43709792,ok,2.733099878092646,False,57.0,0.17391304347826086,0.0
Q68CZ6_Q96CS2,confident,7sqk,Q9H6D7,0.6442198,fetch error 'Q9H6D7-Q68CZ6.pdb;Q68CZ6-Q9H6D7.pdb',,,,,
Q68CZ6_Q9H6D7,confident,7sqk,O94927,0.63534601,ok,22.362356788897976,True,170.0,0.37209302325581395,
Q6IA86_Q9H9T3,confident,8ptx,O95163,0.1746307,ok,3.604085227013575,True,547.0,0.14840989399293286,0.7572815533980582
Q6IPU0_Q71F23,confident,9tax,Q9BU64,0.152358,fetch error 'Q6IPU0-Q9BU64.pdb;ENSG00000138092-ENSG00000188312.pdb',,,,,
Q6IPU0_Q7L2Z9,low,7pb8,Q71F23,0.6309693,ok,12.707256667467952,True,135.0,0.4093567251461988,0.0
Q6IPU0_Q9BU64,confident,9tax,Q13352,0.16775228,ok,0.41908402864905714,True,181.0,0.33480176211453744,
Q6NZ67_Q96RT7,low,9qvm,Q08AG7,0.03249535,ok,0.46171719832819713,True,170.0,0.07894736842105263,0.0
Q6NZ67_Q9BSJ2,confident,9qvm,Q96CW5,0.17441013,ok,3.123263549093454,True,132.0,0.010416666666666666,0.9215686274509803
Q6P582_Q96RT7,low,8rx1,Q08AG7,0.0315511,ok,0.7043909263117029,True,189.0,0.0,0.0
Q6P9B9_Q96N11,confident,8rc4,Q96HW7,0.03399711,ok,1.3877867849111505,True,428.0,0.11182795698924732,0.8245614035087719
Q6PI98_Q9Y230,low,9ge5,Q9Y265,0.03739369,fetch error 'Q9Y265-Q9Y230.pdb;ENSG00000175792-ENSG00000183207.pdb',,,,,
Q6PI98_Q9Y265,low,9gev,Q9Y230,0.03696426,fetch error 'Q9Y265-Q9Y230.pdb;ENSG00000175792-ENSG00000183207.pdb',,,,,
Q71F23_Q7L2Z9,confident,9tax,Q13352,0.0347078,ok,5.99138638570289,True,176.0,0.3462897526501767,0.8
Q7Z4G1_Q9H0A8,confident,8p0w,Q9GZQ3,0.21725665,ok,1.7618133637850497,False,54.0,0.1927710843373494,0.9473684210526315
Q7Z4H7_Q99871,confident,7sqk,Q9NVX0,0.6177475,no exact-seq mapping,,,,,
Q7Z4H7_Q9NVX0,confident,7sqk,Q99871,0.45943789,no exact-seq mapping,,,,,
Q86VS8_Q8N612,low,8qat,Q9H8T0,0.49838392,ok,0.9135205986026879,True,279.0,0.08108108108108109,0.041666666666666664
Q86VS8_Q9H8T0,confident,8qat,Q8N612,0.03737375,ok,0.5942466851689108,True,149.0,0.14814814814814814,0.8089887640449438
Q86X83_Q9H0A8,confident,8f2u,Q86VX2,0.17078305,ok,7.923072896598192,False,59.0,0.02564102564102564,0.1651376146788991
Q86X83_Q9UBI1,confident,8p0w,Q86VX2,0.10191357,ok,7.751734400158695,False,104.0,0.46511627906976744,0.96
Q86XP3_Q9BWJ5,low,7evn,Q15393,0.13690377,ok,0.9847861066569118,True,145.0,0.112,0.15384615384615385
Q8IY18_Q8WV22,confident,9lwj,Q96MF7,0.19407632,ok,11.309021323732777,False,74.0,0.0,0.9491525423728814
Q8IY18_Q96MF7,confident,9lwj,Q8WV22,0.19407632,ok,0.8783079704774572,False,21.0,0.025974025974025976,0.8
Q8IZL8_Q9BV38,confident,8fl4,Q9Y4W2,0.03911222,fetch error 'Q9BV38-Q9Y4W2.pdb;Q9Y4W2-Q9BV38.pdb',,,,,
Q8IZL8_Q9NXF1,low,9dum,Q9BV38,0.03561776,ok,21.726041262007236,True,791.0,0.024883359253499222,0.1724137931034483
Q8N612_Q9H8T0,confident,8qat,Q86VS8,0.03737375,ok,36.9722639773982,True,325.0,0.18562874251497005,0.8409090909090909
Q8N668_Q9P000,confident,8p0w,Q9UBI1,0.22391997,ok,5.853993923905198,False,106.0,0.1323529411764706,0.25
Q8NBT2_Q9H410,confident,8ppr,Q96IY1,0.17783687,no exact-seq mapping,,,,,
Q8TAQ2_Q9NPI1,low,7vdv,Q96GM5,0.08898707,ok,2.812218252416042,True,392.0,0.0,0.12121212121212122
Q8TDN6_Q99848,confident,8fkt,P46087,0.03460231,ok,13.003479939100304,True,201.0,0.3017543859649123,0.9407114624505929
Q8TF46_Q9NQT5,low,9g8m,Q15024,0.09418125,ok,0.46107265126301333,False,0.0,0.0,0.0
Q8WUD4_Q99459,low,9s2e,Q9BZJ0,0.38524387,ok,5.771062076498561,False,29.0,0.0,0.0
Q8WUD4_Q9BZJ0,confident,9fmd,Q9HCS7,0.07394308,ok,8.739207932342469,False,20.0,0.0,0.8450704225352113
Q8WUD4_Q9HCS7,confident,8ro2,Q9BZJ0,0.07394308,ok,2.3869944740602103,False,21.0,0.0,0.7790697674418605
Q92643_Q969N2,confident,7w72,Q96S52,0.61308228,ok,1.1841467879583742,True,226.0,0.5372168284789643,0.9166666666666666
Q92643_Q96S52,confident,7w72,Q969N2,0.61308228,ok,3.038085774938057,False,169.0,0.7601476014760148,0.8368200836820083
Q969G3_Q9NPI1,low,7vdv,Q96GM5,0.08898707,ok,10.99083196745244,True,135.0,0.17391304347826086,0.0
Q969N2_Q96S52,confident,8imx,Q92643,0.6911097,ok,0.3419922471137781,False,123.0,0.5869565217391305,0.868421052631579
Q96CS2_Q9H6D7,confident,7sqk,Q68CZ6,0.35277952,fetch error 'Q9H6D7-Q68CZ6.pdb;Q68CZ6-Q9H6D7.pdb',,,,,
Q96GM5_Q9NPI1,low,7y8r,Q8TAQ2,0.06513298,ok,21.49152275467117,True,371.0,0.1507537688442211,0.0
Q96HY6_Q96JB5,confident,9gy4,O94874,0.61979716,ok,26.18476667554479,False,15.0,0.0,0.5098039215686274
Q96IY1_Q9HBM1,low,8ppr,Q8NBT2,0.17783687,no exact-seq mapping,,,,,
Q96MF7_Q96SB8,low,9lwj,Q96MG7,0.04054477,ok,0.38635577472627197,True,119.0,0.0,0.0
Q96S44_Q9NPF4,confident,9fl9,Q9BXV9,0.03595267,ok,0.29986987106535057,True,420.0,0.09586056644880174,0.6355140186915887
Q99436_Q9Y244,confident,8yix,P49720,0.0339611,ok,0.3938010893669216,False,38.0,0.5714285714285714,0.8296296296296296
Q99832_Q9H2J4,low,7nvm,P50991,0.04954716,ok,0.529820840713006,True,116.0,0.08,0.0
Q99871_Q9BT25,confident,7sqk,Q9NVX0,0.64124937,no exact-seq mapping,,,,,
Q99871_Q9NVX0,confident,7sqk,Q9BT25,0.64124937,no exact-seq mapping,,,,,
Q9BT25_Q9NVX0,confident,7sqk,Q99871,0.69251704,no exact-seq mapping,,,,,
Q9BTE1_Q9UJW0,confident,9b85,O00399,0.32811815,ok,0.23122737623818632,False,49.0,0.7272727272727273,0.8372093023255814
Q9BV38_Q9NXF1,low,8fl2,Q8IZL8,0.05118999,ok,12.189920139909038,True,394.0,0.1411764705882353,0.0
Q9GZQ3_Q9UBI1,confident,8f2u,O60826,0.28810215,ok,31.63299728439568,False,0.0,0.0,0.22727272727272727
Q9H0A8_Q9UBI1,low,8f2r,Q86X83,0.44765996,ok,5.783144110953899,True,175.0,0.011111111111111112,0.0
Q9H410_Q9HBM1,low,8ppr,Q8NBT2,0.36118003,no exact-seq mapping,,,,,
Q9NX08_Q9UBI1,confident,8f2r,Q9Y6G5,0.24294248,ok,4.3496276659920365,False,48.0,0.0,0.16541353383458646
Q9NXF1_Q9Y4W2,confident,8fl3,Q8IZL8,0.03911222,ok,9.880154399661945,True,835.0,0.16666666666666666,0.9047619047619048
Q9P000_Q9Y6G5,confident,8p0w,Q9NX08,0.66182469,ok,15.62841573602633,True,86.0,0.06315789473684211,0.04918032786885246
Q9UBI1_Q9Y6G5,confident,8f2u,Q9NX08,0.53080189,ok,12.529930038653216,True,90.0,0.2905982905982906,0.9056603773584906
