uid,org,group,a,b,entry,f1,correct,prec_id0.25,prec_id0,prec_examples,status,fnat_6,f1set_6,fnat_8,f1set_8,fnat_10,f1set_10
A5D8V7_Q96M63,human,confident,Q96M63,A5D8V7,8j07,0.8821192052980132,True,True,True,7RRO,ok,0.7878787878787878,0.6632390745501285,0.864367816091954,0.9034013605442177,0.8808510638297873,0.8674242424242424
O00189_Q9Y587,human,confident,Q9Y587,O00189,9u9s,0.0465116279069767,False,True,True,"1W63,2JKR,2JKT,2VGL",ok,0.0,0.0,0.0,0.05405405405405406,0.0,0.25396825396825395
O00203_Q92572,human,low,Q92572,O00203,9c5b,0.0,False,True,True,"1W63,2JKR,2JKT,2VGL",ok,0.0,0.0,0.0,0.0,0.0,0.0
O00203_Q9Y2T2,human,confident,Q9Y2T2,O00203,9c59,0.8768768768768769,True,True,True,"1W63,2JKR,2JKT,2VGL",ok,0.75,0.8194444444444444,0.7368421052631579,0.8795180722891566,0.7964285714285714,0.9119718309859155
O00399_Q9BTE1,human,confident,O00399,Q9BTE1,9b7j,0.8421052631578947,True,True,True,"5ADX,5AFU,5NW4,6F1T",ok,0.7222222222222222,0.7659574468085106,0.6862745098039216,0.8421052631578947,0.7575757575757576,0.8789808917197452
O00399_Q9NZ32,human,low,O00399,Q9NZ32,9b85,0.0,False,True,True,"5ADX,5AFU,5NW4,6F1T",ok,0.0,0.0,0.0,0.0,0.0,0.0
O00399_Q9UJW0,human,confident,O00399,Q9UJW0,9b85,0.88,True,True,True,"6ZNL,6ZNM,6ZNN,6ZNO",ok,0.375,0.6363636363636364,0.6896551724137931,0.88,0.7303370786516854,0.9069767441860465
O00522_Q9BSQ5,human,confident,Q9BSQ5,O00522,9pvg,0.8043478260869565,True,False,False,,ok,0.5454545454545454,0.7843137254901961,0.7619047619047619,0.9367088607594937,0.7969924812030075,0.9344262295081968
O00541_Q14137,human,confident,Q14137,O00541,8fky,0.8563049853372434,True,True,True,"6C0F,6CB1,6ELZ,6EM1",ok,0.7538461538461538,0.8588235294117647,0.8125,0.8613569321533924,0.7828282828282829,0.928030303030303
O00541_Q9GZL7,human,low,O00541,Q9GZL7,8fky,0.0,False,True,True,"6ELZ,6EM5,7OHR,7OHV",ok,0.0,0.0,0.0,0.0,0.0,0.0
O15525_Q16236,human,confident,Q16236,O15525,7x5g,0.8571428571428571,True,False,False,,ok,0.8888888888888888,0.8727272727272727,0.9433962264150944,0.9438202247191011,0.9365079365079365,0.9147286821705426
O43143_O75533,human,confident,O43143,O75533,9ze0,0.0195121951219512,False,True,True,"5GM6,5LQW,5Z56,5Z57",ok,,0.0,0.0,0.024096385542168676,0.0,0.045351473922902494
O43257_Q9GZN1,human,confident,O43257,Q9GZN1,8x1c,0.8918918918918919,True,False,False,,ok,0.4897959183673469,0.7288135593220338,0.5769230769230769,0.8899082568807339,0.6308900523560209,0.9146341463414634
O43257_Q9Y230,human,low,O43257,Q9Y230,9ca9,0.0,False,False,False,,ok,0.0,0.0,0.0,0.0,0.0,0.0
O43257_Q9Y265,human,low,O43257,Q9Y265,8x1c,0.0,False,False,False,,ok,0.0,0.0,0.0,0.0,0.0,0.0
O43292_Q969N2,human,confident,O43292,Q969N2,7w72,0.9037037037037036,True,False,False,,ok,0.7241379310344828,0.8823529411764706,0.8536585365853658,0.9037037037037037,0.8260869565217391,0.8898678414096917
O43516_P42768,human,confident,P42768,O43516,9s9x,0.7272727272727273,True,False,False,,ok,0.3333333333333333,0.5925925925925926,0.3220338983050847,0.7272727272727273,0.4092526690391459,0.7981651376146789
O60216_Q7Z5K2,human,low,O60216,Q7Z5K2,9ep3,0.0,False,False,False,,ok,0.0,0.0,0.0,0.0,0.0,0.0
O60568_Q8NBJ5,human,low,Q8NBJ5,O60568,8zge,0.0571428571428571,False,False,False,,ok,0.0,0.0,0.0,0.05714285714285714,0.0,0.15151515151515152
O60826_Q567U6,human,confident,O60826,Q567U6,8p0v,0.93368700265252,True,False,False,,ok,0.5868544600938967,0.7935222672064778,0.814176245210728,0.9336870026525199,0.7941616766467066,0.910268270120259
O60826_Q7Z3J2,human,confident,O60826,Q7Z3J2,8p0x,0.4705882352941176,False,False,False,,ok,1.0,0.26666666666666666,0.7272727272727273,0.47058823529411764,0.5869565217391305,0.5148514851485149
O60826_Q7Z4G1,human,low,Q7Z4G1,O60826,8f2u,0.0,False,False,False,,ok,0.0,0.0,0.0,0.0,0.0,0.0
O60826_Q86VX2,human,low,Q86VX2,O60826,8f2u,0.0,False,False,False,,ok,0.0,0.0,0.0,0.0,0.0,0.0
O60826_Q86X83,human,low,O60826,Q86X83,8f2u,0.2,False,False,False,,ok,0.0,0.0,0.058823529411764705,0.2,0.02197802197802198,0.13333333333333333
O60826_Q8TCE6,human,confident,O60826,Q8TCE6,8p0v,0.8823529411764706,True,False,False,,ok,0.5,0.56,0.6842105263157895,0.8823529411764706,0.7551020408163265,0.7627118644067796
O60826_Q9GZQ3,human,confident,O60826,Q9GZQ3,8p0w,0.935064935064935,True,False,False,,ok,0.9,0.9047619047619048,0.9019607843137255,0.935064935064935,0.8043478260869565,0.8907563025210085
O60826_Q9H0A8,human,low,O60826,Q9H0A8,8f2u,0.0,False,False,False,,ok,0.0,0.0,0.0,0.0,0.0,0.0
O60826_Q9P000,human,low,O60826,Q9P000,8p0w,0.0,False,False,False,,ok,0.0,0.0,0.0,0.0,0.0,0.0
O60826_Q9UBI1,human,confident,Q9UBI1,O60826,8p0w,0.7142857142857143,True,False,False,,ok,0.3409090909090909,0.5681818181818182,0.46153846153846156,0.7142857142857143,0.5431309904153354,0.7723577235772358
O60826_Q9Y6G5,human,low,O60826,Q9Y6G5,8p0w,0.0,False,False,False,,ok,0.0,0.0,0.0,0.0,0.0,0.0
O60927_P62136,human,confident,P62136,O60927,8dwl,0.3956043956043956,False,False,False,,ok,0.0,0.2641509433962264,0.0,0.30952380952380953,0.0,0.3235294117647059
O60934_Q92878,human,confident,O60934,Q92878,9q9i,0.1030927835051546,False,False,False,,ok,0.0,0.0,0.0,0.04878048780487805,0.0,0.1044776119402985
O75083_P23528,human,low,P23528,O75083,9qfq,0.0,False,False,False,,ok,0.0,0.0,0.0,0.0,0.0,0.0
O75386_Q96RY7,human,low,O75386,Q96RY7,8fh3,0.1818181818181818,False,False,False,,ok,0.0,0.0,0.0,0.0,0.0,0.0975609756097561
O75386_Q9HBG6,human,low,Q9HBG6,O75386,8fh3,0.0,False,False,False,,ok,0.0,0.0,0.0,0.0,0.0,0.025974025974025976
O75477_O94905,human,confident,O75477,O94905,9vvj,0.916256157635468,True,False,False,,ok,0.6274509803921569,0.810126582278481,0.6557377049180327,0.916256157635468,0.7153179190751445,0.9208400646203554
O75683_Q99848,human,low,O75683,Q99848,8fks,0.0,False,False,False,,ok,0.0,0.0,0.0,0.0,0.0,0.0
O75718_Q32P28,human,confident,O75718,Q32P28,8k17,0.8,True,False,False,,ok,0.7272727272727273,0.8,0.7485380116959064,0.8,0.7756813417190775,0.8527918781725888
O75947_P25705,human,low,O75947,P25705,8h9s,0.2352941176470588,False,True,True,"2WSS,4B2Q,5ARA,5ARE",ok,0.0,0.0,0.0,0.0,0.0,0.0
O75955_Q14254,human,confident,Q14254,O75955,9l3g,0.918918918918919,True,False,False,,ok,0.7064220183486238,0.879492600422833,0.7871198568872988,0.918918918918919,0.8182476466328747,0.9375
O75964_P24539,human,low,P24539,O75964,8h9m,0.8108108108108109,True,True,True,"6TT7,6ZA9,6ZBB,6ZIQ",ok,0.35714285714285715,0.6060606060606061,0.5689655172413793,0.8108108108108109,0.65625,0.8571428571428571
O75964_P56385,human,confident,P56385,O75964,8h9u,0.9421487603305784,True,True,True,"6TT7,6ZA9,6ZBB,6ZIQ",ok,0.8648648648648649,0.918918918918919,0.8571428571428571,0.95,0.9004524886877828,0.9580838323353293
O75971_Q16533,human,confident,O75971,Q16533,7zwd,0.868421052631579,True,False,False,,ok,0.8333333333333334,0.85,0.8604651162790697,0.868421052631579,0.7886178861788617,0.7910447761194029
O76021_P62424,human,low,O76021,P62424,8ine,0.0,False,True,True,"3JCT,4V6W,5JPQ,5OQL",ok,0.0,0.0,0.0,0.0,0.0,0.0
O94874_Q96HY6,human,confident,O94874,Q96HY6,8c0d,0.9433962264150944,True,False,False,,ok,0.6363636363636364,0.8985507246376812,0.8414634146341463,0.9433962264150944,0.883495145631068,0.9620253164556962
O94874_Q96JB5,human,confident,O94874,Q96JB5,8ohd,0.8794326241134752,True,False,False,,ok,0.72,0.8,0.8152173913043478,0.8794326241134752,0.8346456692913385,0.9264069264069265
O94927_Q68CZ6,human,confident,O94927,Q68CZ6,7sqk,0.910699919549477,True,False,False,,ok,0.7357723577235772,0.7785419532324622,0.8268090154211151,0.9105560032232071,0.8143124415341441,0.9112227805695142
O94927_Q9H6D7,human,confident,O94927,Q9H6D7,7sqk,0.4615384615384615,False,False,False,,ok,0.0,0.2564102564102564,0.05504587155963303,0.46788990825688076,0.07971014492753623,0.5650969529085873
O94927_Q9NVX0,human,confident,O94927,Q9NVX0,7sqk,0.0681818181818181,False,False,False,,ok,0.0,0.0,0.0,0.07317073170731707,0.0,0.09022556390977443
O95163_Q9H9T3,human,confident,Q9H9T3,O95163,8ptx,0.8623853211009175,True,True,True,6QK7,ok,0.8235294117647058,0.88,0.9224137931034483,0.9029126213592233,0.8753799392097265,0.9155313351498637
O95210_Q9H0R8,human,confident,Q9H0R8,O95210,8x8a,0.8363636363636363,True,False,False,,ok,0.8888888888888888,0.88,0.7272727272727273,0.9166666666666666,0.7397260273972602,0.8947368421052632
O95229_Q96IY1,human,low,O95229,Q96IY1,8ppr,0.0,False,False,False,,ok,,0.0,0.0,0.0,0.0,0.0
O95456_P25786,human,low,P25786,O95456,8tm6,0.0618556701030927,False,False,False,,ok,0.0,0.10810810810810811,0.0,0.061855670103092786,0.0,0.1
O95456_Q969U7,human,confident,Q969U7,O95456,8tm4,0.8557692307692307,True,False,False,,ok,0.5892857142857143,0.7368421052631579,0.6829268292682927,0.8599033816425121,0.7135802469135802,0.8938906752411575
O95478_Q13823,human,low,O95478,Q13823,8rl2,0.0,False,True,True,"3JCT,6ELZ,6EM1,6EM5",ok,0.0,0.0,0.0,0.0,0.0,0.0
O95478_Q99848,human,low,O95478,Q99848,8fkx,0.0,False,True,True,"6ELZ,6EM1,6EM5,7OHR",ok,0.0,0.0,0.0,0.0,0.0,0.0
O95478_Q9BZE4,human,low,O95478,Q9BZE4,8fl3,0.0,False,True,True,"3JCT,6ELZ,6EM1,6EM5",ok,0.0,0.0,0.0,0.0,0.0,0.0
O95563_Q9Y5U8,human,confident,Q9Y5U8,O95563,9knx,0.6458333333333334,True,False,False,,ok,0.28205128205128205,0.5230769230769231,0.3225806451612903,0.6458333333333334,0.3652173913043478,0.6751592356687898
O95619_Q9NPF5,human,confident,Q9NPF5,O95619,9y3d,0.9591836734693876,True,False,False,,ok,0.9047619047619048,0.954954954954955,0.9393939393939394,0.9690721649484536,0.9076433121019108,0.953405017921147
O95707_Q6NW34,human,confident,O95707,Q6NW34,9uha,0.7333333333333333,True,False,False,,ok,0.6923076923076923,0.631578947368421,0.6363636363636364,0.7674418604651163,0.7692307692307693,0.8571428571428571
O95825_Q6ZMI0,human,low,Q6ZMI0,O95825,7nd2,0.0705882352941176,False,False,False,,ok,0.0,0.0,0.0,0.07058823529411765,0.0,0.12307692307692308
O95831_Q8N4Q1,human,confident,Q8N4Q1,O95831,9gqz,0.6041666666666666,True,False,False,,ok,0.9,0.8421052631578947,0.8163265306122449,0.8656716417910447,0.9099099099099099,0.9444444444444444
P04839_Q9BQA9,human,confident,P04839,Q9BQA9,8kei,0.0952380952380952,False,False,False,,ok,0.0,0.0,0.0,0.07692307692307693,0.0,0.12790697674418605
P04908_P0C0S8,human,confident,P04908,P0C0S8,9be5,0.0,False,False,False,,ok,0.0,0.0,0.0,0.0,0.0,0.0
P06576_P18859,human,low,P06576,P18859,8ki3,0.0,False,True,True,"2WSS,4B2Q,5ARA,5ARE",ok,,0.0,0.0,0.0,0.0,0.0
P06576_P36542,human,confident,P06576,P36542,8h9v,0.6268656716417911,True,True,True,"1BMF,1COW,1E1Q,1E1R",ok,0.5,0.43478260869565216,0.6666666666666666,0.6885245901639344,0.7804878048780488,0.8695652173913043
P06576_P48047,human,low,P06576,P48047,8h9e,0.0,False,True,True,"2WSS,4B2Q,5ARA,5ARE",ok,,0.0,0.0,0.0,0.0,0.14285714285714285
P09417_P62942,human,confident,P62942,P09417,9dtw,0.4285714285714285,False,False,False,,ok,0.0,0.2,0.0,0.42857142857142855,0.0125,0.410958904109589
P12956_Q14191,human,low,P12956,Q14191,9hzg,0.0,False,False,False,,ok,0.0,0.0,0.0,0.0,0.0,0.0
P13725_P40189,human,confident,P40189,P13725,8v29,0.8636363636363636,True,False,False,,ok,0.6666666666666666,0.84,0.6721311475409836,0.8636363636363636,0.7449664429530202,0.8854961832061069
P13807_P46976,human,confident,P13807,P46976,8cvx,0.8627450980392157,True,False,False,,ok,0.5909090909090909,0.8,0.7105263157894737,0.8686868686868687,0.8711656441717791,0.9066666666666666
P15884_Q15672,human,confident,P15884,Q15672,8osb,0.9090909090909092,True,True,True,"2QL2,2YPA,2YPB",ok,0.76,0.8620689655172413,0.921875,0.967741935483871,0.8922155688622755,0.9496402877697842
P15927_P23025,human,confident,P15927,P23025,9pd4,0.6557377049180327,True,False,False,,ok,0.75,0.8148148148148148,0.6666666666666666,0.6779661016949152,0.6422018348623854,0.7169811320754716
P16383_Q9UBB9,human,confident,P16383,Q9UBB9,9s2e,0.7321428571428571,True,False,False,,ok,0.2926829268292683,0.6507936507936508,0.45054945054945056,0.8020833333333334,0.528344671201814,0.8661971830985915
P17980_Q16401,human,low,P17980,Q16401,9pro,0.0,False,False,False,,ok,0.0,0.0,0.0,0.0,0.0,0.0392156862745098
P18859_P48047,human,low,P18859,P48047,8h9u,0.0,False,True,True,"2WSS,4B2Q,5ARA,5ARE",ok,0.0,0.0,0.0,0.0,0.0,0.0
P19438_Q15628,human,confident,P19438,Q15628,9vin,0.0,False,False,False,,ok,0.0,0.0,0.0,0.0,0.0,0.19672131147540983
P20248_Q9BY12,human,low,Q9BY12,P20248,9hj1,0.15,False,False,False,,ok,0.0,0.18181818181818182,0.0,0.15384615384615385,0.0,0.1935483870967742
P20585_P40692,human,confident,P40692,P20585,9p4b,0.0,False,True,True,"5AKB,5AKC,5AKD,7AIB",ok,0.0,0.0,0.0,0.0,0.0,0.0
P20618_Q9Y244,human,low,Q9Y244,P20618,8yix,0.0,False,False,False,,ok,0.0,0.0,0.0,0.0,0.0,0.0
P24539_P48047,human,confident,P24539,P48047,8ki3,0.8461538461538461,True,True,True,"2WSS,4B2Q,5ARA,5ARE",ok,0.1111111111111111,0.5882352941176471,0.4186046511627907,0.868421052631579,0.5811965811965812,0.9137931034482759
P24539_P56385,human,low,P24539,P56385,8h9j,0.4,False,True,True,"6TT7,6ZA9,6ZBB,6ZIQ",ok,0.0,0.4444444444444444,0.0625,0.4,0.1951219512195122,0.6285714285714286
P25789_Q9Y244,human,low,Q9Y244,P25789,8tm5,0.0,False,False,False,,ok,0.0,0.0,0.0,0.0,0.0,0.0
P28066_Q9Y244,human,low,Q9Y244,P28066,8yix,0.0,False,False,False,,ok,0.0,0.0,0.0,0.0,0.0,0.0
P30049_P36542,human,confident,P36542,P30049,8h9f,0.9380530973451328,True,True,True,"1E79,1H8E,2CK3,2HLD",ok,0.6785714285714286,0.875,0.7901234567901234,0.9369369369369369,0.865,0.9655172413793104
P31040_Q5VUM1,human,low,Q5VUM1,P31040,8dye,0.1666666666666666,False,False,False,,ok,0.0,0.0,0.0,0.0,0.0,0.0
P35998_Q16401,human,low,P35998,Q16401,9pro,0.054054054054054,False,False,False,,ok,0.0,0.0,0.0,0.05405405405405406,0.0,0.05263157894736842
P36873_Q9UQ13,human,confident,P36873,Q9UQ13,7sd0,0.6075949367088608,True,False,False,,ok,0.7142857142857143,0.7741935483870968,0.4489795918367347,0.56,0.49606299212598426,0.6666666666666666
P40429_Q99848,human,confident,Q99848,P40429,8fkq,0.509090909090909,True,True,True,"5Z3G,6ELZ,6EM1,6EM3",ok,1.0,0.5,0.8235294117647058,0.5909090909090909,0.9459459459459459,0.6944444444444444
P40692_Q9Y2M0,human,low,P40692,Q9Y2M0,9woy,0.0,False,False,False,,ok,0.0,0.0,0.0,0.0,0.0,0.0
P41743_Q6P1M3,human,low,Q6P1M3,P41743,9ejk,0.09009009009009,False,False,False,,ok,0.0,0.1702127659574468,0.0,0.0970873786407767,0.0,0.12422360248447205
P42695_Q6IBW4,human,confident,P42695,Q6IBW4,9f5w,0.5902777777777778,True,False,False,,ok,0.52,0.5747126436781609,0.5833333333333334,0.7345132743362832,0.6526610644257703,0.8043478260869565
P43358_Q9NS91,human,low,Q9NS91,P43358,9bd3,0.0,False,False,False,,ok,0.0,0.0,0.0,0.0,0.0,0.0
P46087_Q8WTT2,human,low,P46087,Q8WTT2,8fkx,0.0,False,True,True,"6ELZ,6EM5,7OHR",ok,0.0,0.0,0.0,0.0,0.0,0.0
P49321_Q9NVP2,human,confident,P49321,Q9NVP2,7v1m,0.0476190476190476,False,True,True,7V6Q,ok,,0.0,0.0,0.16666666666666666,0.0,0.07142857142857142
P49366_P63241,human,low,P49366,P63241,8a0e,0.0,False,False,False,,ok,0.0,0.0,0.0,0.0,0.0,0.047619047619047616
P49368_Q9H2J4,human,low,P49368,Q9H2J4,8i6j,0.0,False,False,False,,ok,0.0,0.0,0.0,0.0,0.0,0.0
P49720_Q9Y244,human,low,Q9Y244,P49720,8tm4,0.0,False,False,False,,ok,0.0,0.0,0.0,0.0,0.0,0.0
P49755_Q15363,human,confident,Q15363,P49755,21gl,0.7142857142857143,True,False,False,,ok,0.1724137931034483,0.4074074074074074,0.4864864864864865,0.726027397260274,0.44363636363636366,0.7639484978540773
P49755_Q9Y3A6,human,confident,P49755,Q9Y3A6,21gm,0.2295081967213114,False,False,False,,ok,0.04,0.11538461538461539,0.1038961038961039,0.2413793103448276,0.14583333333333334,0.3384615384615385
P49903_Q2TAL8,human,low,P49903,Q2TAL8,9hjt,0.0769230769230769,False,False,False,,ok,0.0,0.0,0.0,0.05333333333333334,0.0,0.035398230088495575
P49959_Q92878,human,confident,P49959,Q92878,9q9i,0.6153846153846154,True,False,True,,ok,0.5490196078431373,0.7079646017699115,0.4759036144578313,0.6237623762376238,0.5099778270509978,0.6609686609686609
P50990_Q9H2J4,human,low,P50990,Q9H2J4,7nvm,0.0,False,False,False,,ok,0.0,0.0,0.0,0.0,0.0,0.0
P50991_Q9H2J4,human,low,P50991,Q9H2J4,8i9q,0.0,False,False,False,,ok,0.0,0.0,0.0,0.0,0.0,0.043478260869565216
P55072_Q9H867,human,low,P55072,Q9H867,7oat,0.0,False,False,False,,ok,0.0,0.0,0.0,0.0,0.0,0.0
P55735_Q6PJI9,human,confident,P55735,Q6PJI9,9oti,0.896551724137931,True,True,True,"5A9Q,6BX3,6VEN,7PEQ",ok,0.6774193548387096,0.8551724137931035,0.837696335078534,0.9236947791164659,0.8189655172413793,0.9034090909090909
P55735_Q9NXC5,human,low,Q9NXC5,P55735,9lvj,0.0,False,False,False,,ok,0.0,0.0,0.0,0.0,0.0,0.11428571428571428
P55854_Q5W0Q7,human,low,Q5W0Q7,P55854,7zju,0.1111111111111111,False,False,False,,ok,0.0,0.0,0.0,0.0,0.0,0.0
P56279_Q9Y6K1,human,low,P56279,Q9Y6K1,9lq1,0.1428571428571428,False,False,False,,ok,0.0,0.0,0.0,0.14285714285714285,0.020202020202020204,0.1917808219178082
P56524_Q02078,human,low,P56524,Q02078,7xuz,0.074074074074074,False,False,False,,ok,0.0,0.0,0.0,0.0,0.0,0.0
P57081_Q9UBP6,human,confident,P57081,Q9UBP6,8eg0,0.9457364341085271,True,True,True,2VDU,ok,0.8260869565217391,0.9,0.8985507246376812,0.9457364341085271,0.8594594594594595,0.9313725490196079
P61163_Q14203,human,low,Q14203,P61163,9b7j,0.0,False,True,True,6ZNL,ok,0.0,0.0,0.0,0.0,0.0,0.0
P61163_Q9NZ32,human,confident,P61163,Q9NZ32,9b7j,0.7391304347826086,True,True,False,"5ADX,5AFU,5NW4,6F1T",ok,0.16666666666666666,0.5263157894736842,0.58,0.7391304347826086,0.5467625899280576,0.8044692737430168
P62136_Q9UQ13,human,confident,P62136,Q9UQ13,7tvf,0.4081632653061224,False,False,False,,ok,0.5882352941176471,0.631578947368421,0.3181818181818182,0.3958333333333333,0.287292817679558,0.48936170212765956
P62195_Q16401,human,low,P62195,Q16401,9pro,0.0,False,False,False,,ok,0.0,0.0,0.0,0.0,0.0,0.0
P62333_Q16401,human,low,P62333,Q16401,9pro,0.0,False,False,False,,ok,0.0,0.0,0.0,0.0,0.0,0.0
P62424_Q8IY81,human,low,P62424,Q8IY81,8fks,0.0,False,True,True,"6ELZ,6EM5,6YLX,7OHR",ok,0.0,0.0,0.0,0.0,0.0,0.0
P62424_Q9BYG3,human,low,P62424,Q9BYG3,8fkr,0.0,False,True,True,"3JCT,5Z3G,6AH0,6AHD",ok,0.0,0.0,0.0,0.0,0.0,0.0
P63151_Q96E09,human,low,Q96E09,P63151,8so0,0.3888888888888889,False,False,False,,ok,0.0,0.0,0.0,0.0,0.0,0.0
P63208_Q9UK99,human,confident,Q9UK99,P63208,9kbd,0.9251700680272108,True,False,False,,ok,0.7058823529411765,0.813953488372093,0.8446601941747572,0.9251700680272109,0.9240506329113924,0.9674418604651163
P68431_Q13111,human,low,Q13111,P68431,8iqg,0.0333333333333333,False,False,False,,ok,0.0,0.0,0.0,0.0,0.0,0.02127659574468085
P80370_Q13705,human,low,P80370,Q13705,9d20,0.0,False,False,False,,ok,0.0,0.0,0.0,0.0,0.0,0.0
Q07817_Q96LC9,human,confident,Q96LC9,Q07817,8iqk,0.4318181818181818,False,True,True,2VOG,ok,0.0,0.40816326530612246,0.058823529411764705,0.4186046511627907,0.11320754716981132,0.4715447154471545
Q13283_Q14694,human,low,Q14694,Q13283,8th6,0.0555555555555555,False,False,False,,ok,0.0,0.0,0.0,0.0,0.0,0.0
Q13352_Q71F23,human,low,Q13352,Q71F23,9tax,0.0,False,False,False,,ok,0.0,0.0,0.0,0.0,0.0,0.0
Q13352_Q7L2Z9,human,low,Q13352,Q7L2Z9,9tax,0.0,False,False,False,,ok,0.0,0.0,0.0,0.0,0.0,0.0
Q13352_Q9BU64,human,confident,Q13352,Q9BU64,9tax,0.8163265306122449,True,False,False,,ok,0.625,0.8421052631578947,1.0,0.9302325581395349,0.8653846153846154,0.9818181818181818
Q13363_Q96JN0,human,confident,Q13363,Q96JN0,9wrj,0.7755102040816326,True,False,False,,ok,0.6,0.782608695652174,0.7931034482758621,0.8372093023255814,0.7887323943661971,0.9142857142857143
Q13547_Q9UKL0,human,low,Q9UKL0,Q13547,8vrt,0.0,False,True,True,"4BKX,5ICN,7AO8,7AO9",ok,0.0,0.0,0.0,0.0,0.0,0.0
Q13561_Q14203,human,confident,Q14203,Q13561,9b7j,0.2810810810810811,False,True,True,6ZNL,ok,0.09433962264150944,0.2727272727272727,0.14,0.2810810810810811,0.11021505376344086,0.29473684210526313
Q13573_Q96DF8,human,confident,Q96DF8,Q13573,9s2e,0.8828828828828829,True,False,False,,ok,0.6666666666666666,0.7307692307692307,0.847457627118644,0.9074074074074074,0.80625,0.8709677419354839
Q13596_Q9Y5X3,human,confident,Q9Y5X3,Q13596,8afz,0.8869565217391304,True,False,False,,ok,0.6578947368421053,0.7870967741935484,0.7470588235294118,0.8898678414096917,0.7551440329218106,0.9215189873417722
Q14457_Q6ZNE5,human,confident,Q14457,Q6ZNE5,9tz3,0.9377777777777778,True,False,False,,ok,0.7875,0.8045977011494253,0.9181494661921709,0.9547511312217195,0.8979289940828402,0.918429003021148
Q14457_Q96F24,human,low,Q96F24,Q14457,9rx7,0.0,False,False,False,,ok,0.0,0.0,0.0,0.0,0.0,0.0
Q15007_Q5T200,human,low,Q5T200,Q15007,7vf2,0.0,False,False,False,,ok,0.0,0.0,0.0,0.0,0.0,0.0
Q15024_Q8TF46,human,low,Q8TF46,Q15024,9g8m,0.6875,True,True,True,"6D6Q,6D6R,6H25",ok,0.25,0.5263157894736842,0.4482758620689655,0.6875,0.5897435897435898,0.7027027027027027
Q15050_Q8TDN6,human,low,Q15050,Q8TDN6,8fkx,0.0,False,False,False,,ok,0.0,0.0,0.0,0.0,0.0,0.0
Q15050_Q99848,human,confident,Q99848,Q15050,8fkv,0.6746987951807228,True,False,False,,ok,0.45,0.6829268292682927,0.5333333333333333,0.6746987951807228,0.5481927710843374,0.75177304964539
Q15363_Q9BVK6,human,confident,Q15363,Q9BVK6,21gm,0.8,True,False,False,,ok,0.4117647058823529,0.5454545454545454,0.5285714285714286,0.8,0.532258064516129,0.7865168539325843
Q15363_Q9Y3A6,human,confident,Q15363,Q9Y3A6,21gl,0.2040816326530612,False,False,False,,ok,0.0,0.0,0.06451612903225806,0.20408163265306123,0.21782178217821782,0.5
Q15506_Q96C74,human,confident,Q15506,Q96C74,8j07,0.896551724137931,True,False,False,,ok,0.8421052631578947,0.9047619047619048,0.9259259259259259,0.9629629629629629,0.9492753623188406,0.9743589743589743
Q15906_Q9NPF5,human,low,Q9NPF5,Q15906,8xvg,0.0,False,False,False,,ok,0.0,0.0,0.0,0.0,0.0,0.0
Q15906_Q9Y230,human,low,Q15906,Q9Y230,9y3e,0.0,False,False,False,,ok,0.0,0.0,0.0,0.0,0.0,0.0
Q15906_Q9Y265,human,low,Q15906,Q9Y265,8x1c,0.0,False,False,False,,ok,0.0,0.0,0.0,0.0,0.0,0.0
Q16533_Q5SXM2,human,low,Q16533,Q5SXM2,7zwd,0.0,False,False,False,,ok,0.0,0.0,0.0,0.0,0.0,0.0
Q16533_Q92966,human,confident,Q16533,Q92966,9fsq,0.8365019011406845,True,False,False,,ok,0.5652173913043478,0.782608695652174,0.7395833333333334,0.9053497942386831,0.7758241758241758,0.9144385026737968
Q16777_Q16778,human,confident,Q16778,Q16777,7u0g,0.9661016949152542,True,True,True,"1AOI,1EQZ,1F66,1HIO",ok,0.9295774647887324,0.9305555555555556,0.9510869565217391,0.9661016949152542,0.9410526315789474,0.9935897435897436
Q16878_Q96CX6,human,confident,Q16878,Q96CX6,9t7v,0.8607594936708861,True,False,False,,ok,0.6153846153846154,0.6470588235294118,0.7692307692307693,0.8831168831168831,0.8448275862068966,0.9285714285714286
Q53G59_Q9H4M7,human,low,Q9H4M7,Q53G59,8oio,0.0,False,False,False,,ok,0.0,0.0,0.0,0.0,0.0,0.0
Q53G59_Q9UBV8,human,low,Q53G59,Q9UBV8,8rbh,0.0,False,False,False,,ok,0.0,0.0,0.0,0.0,0.0,0.0
Q567U6_Q86VX2,human,low,Q86VX2,Q567U6,8p0w,0.0,False,False,False,,ok,0.0,0.0,0.0,0.0,0.0,0.0
Q567U6_Q86X83,human,confident,Q86X83,Q567U6,8f2u,0.7529411764705882,True,False,False,,ok,0.5714285714285714,0.6486486486486487,0.6938775510204082,0.7804878048780488,0.5984848484848485,0.726027397260274
Q567U6_Q8TCE6,human,confident,Q8TCE6,Q567U6,8p0v,0.5555555555555556,True,False,False,,ok,0.1111111111111111,0.42105263157894735,0.22727272727272727,0.5555555555555556,0.35714285714285715,0.717948717948718
Q567U6_Q9UBI1,human,low,Q9UBI1,Q567U6,8p0w,0.0,False,False,False,,ok,0.0,0.0,0.0,0.0,0.0,0.08333333333333333
Q5EBL4_Q86T03,human,low,Q86T03,Q5EBL4,9qm9,0.0,False,False,False,,ok,0.0,0.0,0.0,0.0,0.0,0.0
Q5JPE7_Q969V3,human,low,Q5JPE7,Q969V3,9c7v,0.050632911392405,False,False,False,,ok,0.0,0.0,0.0,0.0,0.0,0.0
Q5JVF3_Q96PV6,human,confident,Q5JVF3,Q96PV6,9dlv,0.762589928057554,True,False,False,,ok,0.75,0.8421052631578947,0.7777777777777778,0.905982905982906,0.8076923076923077,0.9424083769633508
Q5JVL4_Q969V4,human,low,Q5JVL4,Q969V4,7ung,0.0,False,True,True,7RRO,ok,0.0,0.0,0.0,0.0,0.0,0.0
Q5SY16_Q9Y4W2,human,confident,Q5SY16,Q9Y4W2,26lk,0.8729641693811075,True,True,True,"6OF2,6OF3,6OF4",ok,0.6976744186046512,0.8268156424581006,0.8071748878923767,0.9172413793103448,0.8568548387096774,0.9382716049382716
Q5TKA1_Q96GY3,human,confident,Q96GY3,Q5TKA1,7r1d,0.8031496062992126,True,False,False,,ok,0.7058823529411765,0.7547169811320755,0.696969696969697,0.8468468468468469,0.7542857142857143,0.896969696969697
Q5VU69_Q9Y5B8,human,confident,Q9Y5B8,Q5VU69,8j07,0.8852459016393442,True,True,True,7RRO,ok,1.0,0.75,1.0,0.8852459016393442,0.8765432098765432,0.8627450980392157
Q658Y4_Q9HAS0,human,confident,Q9HAS0,Q658Y4,24ip,0.9066666666666666,True,False,False,,ok,0.9090909090909091,0.8205128205128205,0.88,0.918918918918919,0.8983050847457628,0.9482758620689655
Q68CZ6_Q96CS2,human,confident,Q68CZ6,Q96CS2,7sqk,0.6764705882352942,True,False,False,,ok,0.5,0.6,0.5,0.6764705882352942,0.45985401459854014,0.6470588235294118
Q6IA86_Q9H9T3,human,confident,Q9H9T3,Q6IA86,8ptx,0.7572815533980582,True,True,True,6QK7,ok,0.7142857142857143,0.6896551724137931,0.8378378378378378,0.7647058823529411,0.8880597014925373,0.88
Q6IBW4_Q86XI2,human,confident,Q6IBW4,Q86XI2,9f5w,0.6947368421052632,True,False,False,,ok,0.7931034482758621,0.7311827956989247,0.8735632183908046,0.825,0.8632075471698113,0.8536585365853658
Q6IBW4_Q9NTJ3,human,confident,Q9NTJ3,Q6IBW4,9f5w,0.0,False,False,False,,ok,0.0,0.0,0.0,0.0,0.0,0.0
Q6IPU0_Q71F23,human,confident,Q6IPU0,Q71F23,9tax,0.8292682926829268,True,False,False,,ok,0.75,0.8888888888888888,0.7295081967213115,0.8874172185430463,0.7684887459807074,0.897196261682243
Q6IPU0_Q7L2Z9,human,low,Q6IPU0,Q7L2Z9,7pb8,0.0,False,False,False,,ok,0.0,0.0,0.0,0.0,0.0,0.0
Q6NZ67_Q96RT7,human,low,Q6NZ67,Q96RT7,9qvm,0.0,False,True,True,6X0V,ok,0.0,0.0,0.0,0.0,0.0,0.0
Q6NZ67_Q9BSJ2,human,confident,Q9BSJ2,Q6NZ67,9qvm,0.9215686274509804,True,True,True,6X0V,ok,0.7708333333333334,0.8235294117647058,0.8689655172413793,0.9353233830845771,0.863517060367454,0.9552238805970149
Q6P582_Q96RT7,human,low,Q6P582,Q96RT7,8rx1,0.0,False,True,True,6X0V,ok,0.0,0.0,0.0,0.0,0.0,0.0
Q6P9B9_Q96N11,human,confident,Q96N11,Q6P9B9,8rc4,0.8245614035087719,True,False,False,,ok,0.48484848484848486,0.7605633802816901,0.5050505050505051,0.831858407079646,0.6094420600858369,0.8685714285714285
Q6PI98_Q9Y230,human,low,Q9Y230,Q6PI98,9ge5,0.2068965517241379,False,True,True,"6FHS,6FML",ok,0.0,0.0,0.0,0.0,0.0,0.0
Q6PI98_Q9Y265,human,low,Q6PI98,Q9Y265,9gev,0.0,False,True,True,"6FHS,6FML",ok,0.0,0.0,0.0,0.0,0.0,0.0
Q6SPF0_Q96JM7,human,confident,Q96JM7,Q6SPF0,8y77,1.0,True,False,False,,ok,0.9166666666666666,0.96,1.0,1.0,0.927710843373494,0.9866666666666667
Q6UWZ7_Q9NWV8,human,low,Q9NWV8,Q6UWZ7,9smp,0.0,False,True,True,"6GVW,6H3C",ok,0.0,0.0,0.0,0.0,0.0,0.0
Q6ZNE5_Q8NEB9,human,low,Q6ZNE5,Q8NEB9,9mhg,0.0,False,False,False,,ok,0.0,0.0,0.0,0.0,0.0,0.0
Q71F23_Q7L2Z9,human,confident,Q7L2Z9,Q71F23,9tax,0.8,True,False,False,,ok,0.4533333333333333,0.7398843930635838,0.6008583690987125,0.8013245033112583,0.5604395604395604,0.7790432801822323
Q7Z3J2_Q9UBQ0,human,confident,Q9UBQ0,Q7Z3J2,8syn,0.8738738738738738,True,False,False,,ok,0.8571428571428571,0.8869565217391304,0.7730496453900709,0.8981481481481481,0.800531914893617,0.9451697127937336
Q7Z4G1_Q8N668,human,confident,Q8N668,Q7Z4G1,8f2u,0.8900523560209425,True,False,False,,ok,0.7741935483870968,0.7835051546391752,0.8828828828828829,0.8900523560209425,0.89272030651341,0.917910447761194
Q7Z4G1_Q9H0A8,human,confident,Q7Z4G1,Q9H0A8,8p0w,0.9473684210526316,True,False,False,,ok,0.9411764705882353,0.9777777777777777,0.9302325581395349,0.9473684210526315,0.9418604651162791,0.9130434782608695
Q7Z4H7_Q9NVX0,human,confident,Q7Z4H7,Q9NVX0,7sqk,0.7705627705627706,True,False,False,,ok,0.35714285714285715,0.4946236559139785,0.5575221238938053,0.7739130434782608,0.6360759493670886,0.825065274151436
Q7Z4L5_Q96FT9,human,low,Q96FT9,Q7Z4L5,8fgw,0.0,False,False,False,,ok,0.0,0.0,0.0,0.0,0.0,0.07692307692307693
Q7Z6J9_Q8NCE0,human,confident,Q8NCE0,Q7Z6J9,8iss,0.9015151515151516,True,False,False,,ok,0.7936507936507936,0.8918918918918919,0.8379888268156425,0.9285714285714286,0.8337349397590361,0.947075208913649
Q86UE8_Q9Y294,human,confident,Q86UE8,Q9Y294,7lo0,0.2083333333333333,False,False,False,,ok,0.0,0.2,0.0,0.1875,0.0,0.2909090909090909
Q86VS8_Q8N612,human,low,Q8N612,Q86VS8,8qat,0.0416666666666666,False,False,False,,ok,0.0,0.0,0.0,0.0,0.0,0.0
Q86VS8_Q9H8T0,human,confident,Q9H8T0,Q86VS8,8qat,0.8089887640449438,True,False,False,,ok,0.8666666666666667,0.8181818181818182,0.8,0.8089887640449438,0.8776978417266187,0.8676470588235294
Q86VX2_Q9Y6G5,human,confident,Q86VX2,Q9Y6G5,8esd,0.196078431372549,False,False,False,,ok,0.0,0.0392156862745098,0.1111111111111111,0.21505376344086022,0.12,0.291970802919708
Q86X83_Q9H0A8,human,confident,Q86X83,Q9H0A8,8f2u,0.1651376146788991,False,False,False,,ok,0.0,0.03333333333333333,0.125,0.1651376146788991,0.1282051282051282,0.25609756097560976
Q86X83_Q9UBI1,human,confident,Q9UBI1,Q86X83,8p0w,0.96,True,False,False,,ok,0.8936170212765957,0.9242424242424242,0.9319727891156463,0.96,0.9137931034482759,0.9453376205787781
Q86XP3_Q9BWJ5,human,low,Q86XP3,Q9BWJ5,7evn,0.1538461538461538,False,True,True,"6AH0,6QX9,6Y50,6Y5Q",ok,0.0,0.0,0.0,0.0,0.0,0.0
Q86XR8_Q96MT8,human,confident,Q86XR8,Q96MT8,9i7q,0.0,False,False,False,,ok,0.0,0.0,0.0,0.0,0.0,0.0
Q86YC2_Q9UBU8,human,low,Q9UBU8,Q86YC2,7s4a,0.0,False,False,False,,ok,0.0,0.0,0.0,0.0,0.0,0.0
Q8IW40_Q9Y230,human,confident,Q8IW40,Q9Y230,29jr,0.9230769230769232,True,False,False,,ok,1.0,0.8,0.84,0.9230769230769231,0.8873239436619719,0.8791208791208791
Q8IWY9_Q9Y294,human,confident,Q8IWY9,Q9Y294,9cvc,0.6631578947368421,True,False,False,,ok,0.36,0.5494505494505495,0.4642857142857143,0.6850828729281768,0.4915254237288136,0.7730496453900709
Q8IXW5_Q9UHW5,human,low,Q9UHW5,Q8IXW5,9t5j,0.0,False,False,False,,ok,0.0,0.0,0.0,0.0,0.0,0.0
Q8IY18_Q8WV22,human,confident,Q8IY18,Q8WV22,9lwj,0.9491525423728814,True,False,False,,ok,0.7692307692307693,0.75,0.7560975609756098,0.9491525423728814,0.8761904761904762,0.9375
Q8IY18_Q96MF7,human,confident,Q8IY18,Q96MF7,9lwj,0.8,True,False,False,,ok,0.6486486486486487,0.7901234567901234,0.6759259259259259,0.7919463087248322,0.7735191637630662,0.9285714285714286
Q8IZL8_Q9BV38,human,confident,Q8IZL8,Q9BV38,8fl4,0.7053140096618358,True,False,False,,ok,0.5833333333333334,0.7222222222222222,0.6111111111111112,0.7319587628865979,0.6124661246612466,0.7834394904458599
Q8IZL8_Q9NXF1,human,low,Q8IZL8,Q9NXF1,9dum,0.1724137931034483,False,False,False,,ok,0.0,0.0,0.0,0.1875,0.0,0.14035087719298245
Q8N612_Q9H8T0,human,confident,Q9H8T0,Q8N612,8qat,0.8409090909090909,True,False,False,,ok,0.84375,0.8705882352941177,0.831858407079646,0.9192546583850931,0.8683127572016461,0.919831223628692
Q8N668_Q9P000,human,confident,Q9P000,Q8N668,8p0w,0.25,False,False,False,,ok,0.0,0.1348314606741573,0.0,0.25,0.0,0.3942307692307692
Q8N720_Q9NVM9,human,low,Q9NVM9,Q8N720,8pk6,0.0571428571428571,False,False,False,,ok,0.0,0.0,0.0,0.0,0.0,0.0
Q8N8R7_Q96T68,human,confident,Q8N8R7,Q96T68,8hfp,0.9272727272727272,True,False,False,,ok,1.0,0.9855072463768116,0.8961038961038961,0.9345794392523364,0.8641304347826086,0.9397590361445783
Q8TAQ2_Q9NPI1,human,low,Q9NPI1,Q8TAQ2,7vdv,0.1212121212121212,False,True,True,"6LTH,6LTJ,9A0K",ok,0.0,0.0,0.0,0.0392156862745098,0.0,0.13953488372093023
Q8TDN6_Q99848,human,confident,Q99848,Q8TDN6,8fkt,0.9407114624505928,True,True,True,"5Z1G,5Z3G,6ELZ,6EM1",ok,0.8688524590163934,0.9161290322580645,0.8895705521472392,0.9482071713147411,0.9406175771971497,0.9714285714285714
Q8TF46_Q9NQT5,human,low,Q9NQT5,Q8TF46,9g8m,0.0,False,True,True,"4IFD,5C0W,5C0X,5G06",ok,0.0,0.0,0.0,0.0,0.0,0.0
Q8WTT2_Q9Y3T9,human,confident,Q8WTT2,Q9Y3T9,8fkv,0.8056537102473498,True,False,False,,ok,0.7551020408163265,0.8503937007874016,0.7584269662921348,0.8327137546468402,0.728051391862955,0.9146919431279621
Q8WUA4_Q9UKN8,human,low,Q8WUA4,Q9UKN8,8cli,0.2758620689655172,False,False,False,,ok,0.0,0.06557377049180328,0.0,0.19672131147540983,0.0,0.21105527638190955
Q8WUB8_Q96GM5,human,low,Q8WUB8,Q96GM5,7vdv,0.0,False,True,True,"6LTH,6LTJ,9A0K",ok,0.0,0.0,0.0,0.0,0.0,0.0
Q8WUD4_Q99459,human,low,Q8WUD4,Q99459,9s2e,0.0,False,False,False,,ok,0.0,0.0,0.0,0.0,0.0,0.0
Q8WUD4_Q9BZJ0,human,confident,Q8WUD4,Q9BZJ0,9fmd,0.8450704225352113,True,False,False,,ok,0.3333333333333333,0.5185185185185185,0.46511627906976744,0.8571428571428571,0.57,0.8288288288288288
Q8WUD4_Q9HCS7,human,confident,Q8WUD4,Q9HCS7,8ro2,0.7790697674418605,True,False,False,,ok,0.575,0.6666666666666666,0.5084745762711864,0.7719298245614035,0.630718954248366,0.8309859154929577
Q92643_Q969N2,human,confident,Q92643,Q969N2,7w72,0.9166666666666666,True,False,False,,ok,0.8461538461538461,0.9291338582677166,0.8269230769230769,0.9166666666666666,0.8387909319899244,0.9266862170087976
Q92643_Q96S52,human,confident,Q92643,Q96S52,7w72,0.8368200836820083,True,False,False,,ok,0.5925925925925926,0.6896551724137931,0.6538461538461539,0.8368200836820083,0.7045454545454546,0.8186528497409327
Q969G3_Q9NPI1,human,low,Q9NPI1,Q969G3,7vdv,0.0,False,True,True,"6LTH,6LTJ,9A0K",ok,0.0,0.0,0.0,0.0,0.0,0.0
Q969N2_Q96S52,human,confident,Q969N2,Q96S52,8imx,0.868421052631579,True,False,False,,ok,0.78125,0.8297872340425532,0.7446808510638298,0.8741721854304636,0.8,0.9084507042253521
Q969R8_Q9Y664,human,confident,Q9Y664,Q969R8,9o5a,0.9316770186335404,True,False,False,,ok,0.7727272727272727,0.9,0.8833333333333333,0.9375,0.8651315789473685,0.944
Q96CS2_Q9H6D7,human,confident,Q9H6D7,Q96CS2,7sqk,0.7705779334500875,True,False,False,,ok,0.30357142857142855,0.5625,0.26525198938992045,0.7299270072992701,0.28085106382978725,0.8204488778054863
Q96DZ1_Q9UBV2,human,confident,Q96DZ1,Q9UBV2,8kes,0.84375,True,True,True,6VK3,ok,0.5789473684210527,0.7777777777777778,0.7545454545454545,0.8839779005524862,0.773851590106007,0.926829268292683
Q96F24_Q99570,human,confident,Q96F24,Q99570,9tz3,0.82,True,False,False,,ok,0.7692307692307693,0.8620689655172413,0.7428571428571429,0.8631578947368421,0.8,0.9080459770114943
Q96FT9_Q9P2L0,human,confident,Q96FT9,Q9P2L0,8bbe,0.8242424242424242,True,False,False,,ok,0.8461538461538461,0.8311688311688312,0.8602150537634409,0.9645390070921985,0.9012875536480687,0.9416666666666667
Q96GM5_Q9NPI1,human,low,Q9NPI1,Q96GM5,7y8r,0.0,False,True,True,"6LTH,6LTJ,9A0K",ok,0.0,0.0,0.0,0.0,0.0,0.028169014084507043
Q96HY6_Q96JB5,human,confident,Q96HY6,Q96JB5,9gy4,0.5098039215686274,True,False,False,,ok,0.3333333333333333,0.4,0.43478260869565216,0.65,0.4576271186440678,0.7323943661971831
Q96IY1_Q9HBM1,human,low,Q96IY1,Q9HBM1,8ppr,0.0,False,False,False,,ok,0.0,0.0,0.0,0.0,0.0,0.0
Q96LI5_Q9UIV1,human,confident,Q96LI5,Q9UIV1,7voi,0.8089887640449438,True,True,True,"4B8C,7AX1",ok,0.8,0.9230769230769231,0.8888888888888888,0.96,0.8145161290322581,0.9026548672566371
Q96MF7_Q96SB8,human,low,Q96MF7,Q96SB8,9lwj,0.0,False,False,False,,ok,0.0,0.0,0.0,0.0,0.0,0.0
Q96RL1_Q9NWV8,human,low,Q9NWV8,Q96RL1,9smp,0.08,False,True,True,6GVW,ok,0.0,0.0,0.0,0.0,0.007936507936507936,0.11940298507462686
Q96RQ3_Q9HCC0,human,confident,Q96RQ3,Q9HCC0,8jxm,0.9375,True,True,True,"3N6R,3U9S,3U9T,6YBP",ok,0.8064516129032258,0.8974358974358975,0.8846153846153846,0.9493670886075949,0.9061224489795918,0.9478260869565217
Q96S44_Q9NPF4,human,confident,Q9NPF4,Q96S44,9fl9,0.6355140186915887,True,False,False,,ok,0.36363636363636365,0.5641025641025641,0.6153846153846154,0.6666666666666666,0.6972477064220184,0.7542857142857143
Q96S52_Q9H490,human,confident,Q9H490,Q96S52,8imx,0.8695652173913043,True,False,False,,ok,0.4666666666666667,0.6875,0.6829268292682927,0.8695652173913043,0.6716417910447762,0.8085106382978723
Q96SY0_Q9NVR2,human,confident,Q9NVR2,Q96SY0,8rbx,0.5663716814159292,True,False,False,,ok,0.022222222222222223,0.5538461538461539,0.07017543859649122,0.5663716814159292,0.1619718309859155,0.7085714285714285
Q99436_Q9Y244,human,confident,Q9Y244,Q99436,8yix,0.8296296296296296,True,False,False,,ok,0.3333333333333333,0.6575342465753424,0.47368421052631576,0.8208955223880597,0.527027027027027,0.8374384236453202
Q99832_Q9H2J4,human,low,Q99832,Q9H2J4,7nvm,0.0,False,False,False,,ok,0.0,0.0,0.0,0.0,0.0,0.0
Q9BQ95_Q9H845,human,low,Q9H845,Q9BQ95,8phe,0.0,False,False,False,,ok,0.0,0.0,0.0,0.0,0.0,0.0
Q9BRR8_Q9BRX9,human,confident,Q9BRR8,Q9BRX9,9s2f,0.916030534351145,True,False,False,,ok,0.7435897435897436,0.9113924050632911,0.8526315789473684,0.916030534351145,0.8577405857740585,0.9484536082474226
Q9BS16_Q9H3R5,human,confident,Q9BS16,Q9H3R5,7xho,0.8957871396895787,True,False,False,,ok,0.62,0.784,0.7119741100323624,0.8973214285714286,0.7264150943396226,0.8982229402261712
Q9BT04_Q9ULD6,human,confident,Q9ULD6,Q9BT04,7q3d,0.8426395939086294,True,False,False,,ok,0.64,0.905982905982906,0.7553956834532374,0.9010989010989011,0.7855072463768116,0.9061488673139159
Q9BT25_Q9NVX0,human,confident,Q9NVX0,Q9BT25,7sqk,0.6289308176100629,True,False,False,,ok,0.19047619047619047,0.36363636363636365,0.3979591836734694,0.6289308176100629,0.4375,0.7246376811594203
Q9BTE1_Q9UJW0,human,confident,Q9UJW0,Q9BTE1,9b85,0.8372093023255814,True,True,True,"6ZNL,6ZNM,6ZNN,6ZNO",ok,0.5714285714285714,0.59375,0.75,0.8372093023255814,0.7407407407407407,0.8535564853556485
Q9BV38_Q9NXF1,human,low,Q9NXF1,Q9BV38,8fl2,0.0,False,False,False,,ok,0.0,0.0,0.0,0.0,0.0,0.05755395683453238
Q9BZE4_Q9UKD2,human,low,Q9BZE4,Q9UKD2,8idy,0.0,False,True,True,"3JCT,4V7F,5JCS,6ELZ",ok,0.0,0.0,0.0,0.0,0.0,0.0
Q9GZQ3_Q9UBI1,human,confident,Q9UBI1,Q9GZQ3,8f2u,0.2272727272727272,False,False,False,,ok,0.0,0.07692307692307693,0.0,0.22727272727272727,0.0,0.32
Q9H0A8_Q9UBI1,human,low,Q9UBI1,Q9H0A8,8f2r,0.0,False,False,False,,ok,,0.0,0.0,0.0,0.0,0.0
Q9H410_Q9HBM1,human,low,Q9HBM1,Q9H410,8ppr,0.0,False,False,False,,ok,0.0,0.0,0.0,0.0,0.0,0.0
Q9H9A5_Q9UKZ1,human,confident,Q9H9A5,Q9UKZ1,8bfi,0.8457943925233645,True,False,False,,ok,0.6588235294117647,0.7926267281105991,0.7444444444444445,0.8722891566265061,0.788235294117647,0.9287925696594427
Q9HCN4_Q9UHW5,human,confident,Q9HCN4,Q9UHW5,9t5j,0.7835051546391752,True,False,False,,ok,0.7727272727272727,0.7766990291262136,0.753968253968254,0.7958115183246073,0.8501440922190202,0.9144736842105263
Q9NX08_Q9UBI1,human,confident,Q9UBI1,Q9NX08,8f2r,0.1654135338345864,False,False,False,,ok,0.0,0.05128205128205128,0.0,0.16541353383458646,0.08695652173913043,0.28415300546448086
Q9NXF1_Q9Y4W2,human,confident,Q9NXF1,Q9Y4W2,8fl3,0.9047619047619048,True,False,False,,ok,0.7272727272727273,0.8571428571428571,0.9259259259259259,0.95,0.9029850746268657,0.9473684210526315
Q9NXL9_Q9UJA3,human,confident,Q9UJA3,Q9NXL9,8s91,0.028673835125448,False,False,False,,ok,0.0,0.0,0.0,0.0,0.0,0.014814814814814815
Q9P000_Q9Y6G5,human,confident,Q9P000,Q9Y6G5,8p0w,0.0491803278688524,False,False,False,,ok,,0.0,0.0,0.04918032786885246,0.0,0.11834319526627218
Q9UBB9_Q9Y5B6,human,confident,Q9UBB9,Q9Y5B6,8ro2,0.8796296296296297,True,False,False,,ok,0.6590909090909091,0.8421052631578947,0.8492063492063492,0.9326424870466321,0.7917981072555205,0.9010238907849829
Q9UBI1_Q9Y6G5,human,confident,Q9UBI1,Q9Y6G5,8f2u,0.9056603773584906,True,False,False,,ok,1.0,1.0,0.9230769230769231,0.9056603773584906,0.9135802469135802,0.9052631578947369
Q9UHR5_Q9UK58,human,confident,Q9UHR5,Q9UK58,9vuh,0.9485294117647058,True,False,False,,ok,0.8115942028985508,0.9182389937106918,0.8315217391304348,0.9481481481481482,0.8706563706563707,0.9594272076372315
Q9UPM8_Q9Y587,human,confident,Q9Y587,Q9UPM8,9u9i,0.69,True,True,True,"1W63,4HMY,4P6Z,6CM9",ok,0.25,0.5,0.49557522123893805,0.6878306878306878,0.5374149659863946,0.8348909657320872
Q9Y5Q8_Q9Y5Q9,human,confident,Q9Y5Q8,Q9Y5Q9,8clk,0.8852459016393442,True,False,True,,ok,0.5538461538461539,0.7189542483660131,0.7276995305164319,0.8896321070234113,0.7527472527472527,0.9261744966442953
ma-bak-cepc-0066,yeast,confident,P05756,P42846,9g25,0.863013698630137,True,False,False,,ok,0.7647058823529411,0.8275862068965517,0.797979797979798,0.8611111111111112,0.7229437229437229,0.839622641509434
ma-bak-cepc-0067,yeast,confident,P06104,Q07457,7uvc,0.8627450980392157,True,False,False,,ok,1.0,0.9090909090909091,0.8461538461538461,0.8979591836734694,0.8450704225352113,0.898876404494382
ma-bak-cepc-0101,yeast,confident,P0CX36,P0CX38,7zw0,0.9230769230769232,True,True,True,"3J6X,3J6Y,3J77,3J78",ok,1.0,0.75,1.0,0.9230769230769231,0.9666666666666667,0.9302325581395349
ma-bak-cepc-0111,yeast,confident,P10363,P20457,8b9c,0.9873417721518988,True,True,True,"4BPU,4BPW,4BPX,4RR2",ok,1.0,0.9795918367346939,0.96,0.9873417721518988,0.9448275862068966,0.9565217391304348
ma-bak-cepc-0135,yeast,confident,P14724,P09798,8a61,0.8888888888888888,True,False,False,,ok,0.55,0.7017543859649122,0.8170731707317073,0.8888888888888888,0.8407960199004975,0.9174311926605505
ma-bak-cepc-0143,yeast,confident,P15731,P54860,9kht,0.8641975308641975,True,True,True,3L1Z,ok,0.4666666666666667,0.6666666666666666,0.7380952380952381,0.8641975308641975,0.847457627118644,0.8053691275167785
ma-bak-cepc-0173,yeast,confident,P20457,P38121,8fod,0.1379310344827586,False,True,True,"5EXR,7OPL",ok,0.0,0.0,0.1111111111111111,0.2,0.08,0.2777777777777778
ma-bak-cepc-0182,yeast,confident,P21801,P33421,9qdm,0.912,True,True,True,"1YQ3,1YQ4,1ZOY,1ZP0",ok,0.5555555555555556,0.8533333333333334,0.7368421052631579,0.912,0.6637168141592921,0.9137055837563451
ma-bak-cepc-0200,yeast,confident,P23179,Q02721,8uru,0.8831168831168831,True,False,False,,ok,0.6578947368421053,0.7872340425531915,0.7327586206896551,0.8758169934640523,0.7448275862068966,0.9322033898305084
ma-bak-cepc-0214,yeast,confident,P25301,P38953,9q2h,0.8026315789473685,True,False,False,,ok,0.4918032786885246,0.697986577181208,0.5488372093023256,0.8054607508532423,0.6537785588752196,0.8893617021276595
ma-bak-cepc-0228,yeast,confident,P25582,Q04031,7nac,0.6296296296296297,True,False,False,,ok,0.42424242424242425,0.6461538461538462,0.5,0.6296296296296297,0.4669811320754717,0.6210526315789474
ma-bak-cepc-0242,yeast,confident,P26798,P13902,7xq5,0.8925619834710744,True,False,False,,ok,0.8,0.90625,0.9583333333333334,1.0,0.9310344827586207,0.95
ma-bak-cepc-0272,yeast,confident,P32341,P38784,8eat,0.8979591836734694,True,False,False,,ok,0.5454545454545454,0.7586206896551724,0.75,0.8979591836734694,0.7567567567567568,0.9411764705882353
ma-bak-cepc-0285,yeast,confident,P32495,Q6Q547,9g28,0.7368421052631579,True,True,True,7BGB,ok,0.6363636363636364,0.7692307692307693,0.6511627906976745,0.7368421052631579,0.6341463414634146,0.76
ma-bak-cepc-0294,yeast,confident,P32527,P38788,7x3k,0.825531914893617,True,False,True,,ok,0.5370370370370371,0.7285714285714285,0.6374269005847953,0.825531914893617,0.6641975308641975,0.8645533141210374
ma-bak-cepc-0300,yeast,confident,P32602,P18759,9nlz,0.847457627118644,True,True,True,"3J96,3J97,3J98,3J99",ok,0.6666666666666666,0.6363636363636364,0.8148148148148148,0.8771929824561403,0.8941176470588236,0.9
ma-bak-cepc-0302,yeast,confident,P32613,Q03660,7u05,0.8888888888888888,True,False,False,,ok,0.5789473684210527,0.6440677966101694,0.7093023255813954,0.8888888888888888,0.786046511627907,0.9237668161434978
ma-bak-cepc-0303,yeast,confident,P32617,P53946,9cat,0.9281045751633988,True,True,True,"6FHS,6FML",ok,0.8103448275862069,0.8513513513513513,0.8969072164948454,0.9281045751633987,0.8991416309012875,0.960919540229885
ma-bak-cepc-0314,yeast,confident,P32897,P39515,8e1m,0.9534883720930232,True,False,False,,ok,0.8695652173913043,0.9047619047619048,0.8615384615384616,0.9534883720930233,0.8449197860962567,0.9370629370629371
ma-bak-cepc-0322,yeast,confident,P32905,Q08444,8c01,0.8411214953271028,True,True,True,"6G18,6G4S,6G51,6G53",ok,0.7272727272727273,0.7878787878787878,0.7076923076923077,0.8411214953271028,0.8,0.8542713567839196
ma-bak-cepc-0355,yeast,confident,P33891,P28791,8eki,0.8457142857142858,True,False,False,,ok,0.8333333333333334,0.725,0.7325581395348837,0.8505747126436781,0.7440944881889764,0.8734177215189873
ma-bak-cepc-0382,yeast,confident,P36049,P43586,8v87,0.8387096774193549,True,False,False,,ok,0.5714285714285714,0.8205128205128205,0.7105263157894737,0.8387096774193549,0.6702127659574468,0.9090909090909091
ma-bak-cepc-0390,yeast,confident,P36107,Q06346,9ivc,0.875,True,False,False,,ok,0.8372093023255814,0.8909090909090909,0.8055555555555556,0.8910891089108911,0.8988439306358381,0.95
ma-bak-cepc-0395,yeast,confident,P36131,P53168,8q84,0.8732394366197183,True,False,False,,ok,0.6363636363636364,0.7058823529411765,0.7368421052631579,0.8732394366197183,0.7244897959183674,0.8869565217391304
ma-bak-cepc-0396,yeast,confident,P36131,Q03954,8q85,0.7719298245614035,True,False,False,,ok,0.375,0.36666666666666664,0.6736842105263158,0.7764705882352941,0.6458333333333334,0.7984496124031008
ma-bak-cepc-0399,yeast,confident,P36146,Q07845,7y18,0.8235294117647058,True,True,True,"6OF2,6OF3,6OF4",ok,0.5416666666666666,0.7590361445783133,0.6724890829694323,0.8185053380782918,0.6405693950177936,0.7729468599033816
ma-bak-cepc-0404,yeast,confident,P36162,P35734,8q84,0.9473684210526316,True,False,False,,ok,0.8181818181818182,0.8941176470588236,0.8863636363636364,0.9692307692307692,0.8823529411764706,0.9368421052631579
ma-bak-cepc-0405,yeast,confident,P36162,P69852,8q84,0.3582089552238806,False,False,False,,ok,0.0,0.06451612903225806,0.2962962962962963,0.3582089552238806,0.4675324675324675,0.6379310344827587
ma-bak-cepc-0406,yeast,confident,P36162,Q03954,8q84,0.9594594594594594,True,False,False,,ok,0.8571428571428571,0.8695652173913043,0.8921568627450981,0.9594594594594594,0.8899082568807339,0.9158878504672897
ma-bak-cepc-0443,yeast,confident,P38255,P31385,8hpo,0.448,False,False,False,,ok,0.20833333333333334,0.3018867924528302,0.25,0.448,0.33070866141732286,0.5588235294117647
ma-bak-cepc-0444,yeast,confident,P38255,Q07458,8hpo,0.8205128205128205,True,False,False,,ok,0.6666666666666666,0.7777777777777778,0.7,0.8311688311688312,0.6929824561403509,0.8037383177570093
ma-bak-cepc-0452,yeast,confident,P38302,Q12309,9dtr,0.9041095890410958,True,True,True,7B9V,ok,0.6363636363636364,0.8666666666666667,0.8780487804878049,0.9166666666666666,0.8857142857142857,0.918918918918919
ma-bak-cepc-0465,yeast,confident,P38429,P40505,9v2w,0.6521739130434783,True,False,False,,ok,0.5333333333333333,0.7450980392156863,0.5352112676056338,0.6741573033707865,0.555,0.676056338028169
ma-bak-cepc-0502,yeast,confident,P38927,P12689,8tlt,0.8111888111888111,True,False,False,,ok,0.6666666666666666,0.7948717948717948,0.7872340425531915,0.8702290076335878,0.8207547169811321,0.9473684210526315
ma-bak-cepc-0503,yeast,confident,P38953,P40465,9q2c,0.8943089430894309,True,False,False,,ok,0.75,0.8070175438596491,0.8769230769230769,0.9243697478991597,0.8418079096045198,0.9082125603864735
ma-bak-cepc-0508,yeast,confident,P39012,P38875,9ub8,0.8695652173913043,True,False,False,,ok,0.8148148148148148,0.7835051546391752,0.8165137614678899,0.8695652173913043,0.9285714285714286,0.9235880398671097
ma-bak-cepc-0515,yeast,confident,P39515,Q02889,9j9b,0.8524590163934426,True,False,False,,ok,0.8888888888888888,0.8888888888888888,0.90625,0.896551724137931,0.8695652173913043,0.8703703703703703
ma-bak-cepc-0524,yeast,confident,P39731,P47149,9s4q,0.898936170212766,True,True,True,"5T51,5T58,5T59,5WWL",ok,0.8382352941176471,0.8808290155440415,0.7991967871485943,0.898936170212766,0.8109452736318408,0.8985507246376812
ma-bak-cepc-0529,yeast,confident,P39744,P10962,8e5t,0.3076923076923077,False,False,False,,ok,0.0,0.0,0.0,0.0,0.0,0.0
ma-bak-cepc-0535,yeast,confident,P40046,P47075,7ytj,0.8177777777777778,True,False,False,,ok,0.7368421052631579,0.9056603773584906,0.7266187050359713,0.8425925925925926,0.8,0.9079365079365079
ma-bak-cepc-0571,yeast,confident,P40505,P31385,9v2v,0.84,True,False,False,,ok,0.627906976744186,0.8099173553719008,0.7131147540983607,0.8527918781725888,0.7708333333333334,0.8831168831168831
ma-bak-cepc-0577,yeast,confident,P40568,P39731,9s5n,0.054054054054054,False,True,True,5T58,ok,0.0,0.0,0.0136986301369863,0.05405405405405406,0.013440860215053764,0.11952191235059761
ma-bak-cepc-0578,yeast,confident,P40568,P47149,9s5n,0.34375,False,True,True,5T58,ok,0.4166666666666667,0.5,0.16666666666666666,0.34375,0.22857142857142856,0.3898305084745763
ma-bak-cepc-0579,yeast,confident,P40568,Q12143,9s5n,0.8443271767810027,True,True,True,5T58,ok,0.8225806451612904,0.8,0.7982832618025751,0.8540540540540541,0.8198874296435272,0.8602150537634409
ma-bak-cepc-0586,yeast,confident,P41733,P38875,9ub8,0.926605504587156,True,False,False,,ok,0.918918918918919,0.9122807017543859,0.9236641221374046,0.926605504587156,0.9606060606060606,0.9647058823529412
ma-bak-cepc-0587,yeast,confident,P41733,P39012,9ub8,0.0,False,False,False,,ok,0.0,0.0,0.0,0.0,0.0,0.0
ma-bak-cepc-0588,yeast,confident,P41733,Q04080,9ub7,0.8656716417910447,True,False,False,,ok,0.8,0.7096774193548387,0.8823529411764706,0.8656716417910447,0.9375,0.9137931034482759
ma-bak-cepc-0596,yeast,confident,P42846,P25586,9g28,0.7005649717514124,True,False,False,,ok,0.24242424242424243,0.4444444444444444,0.45454545454545453,0.6838709677419355,0.4448051948051948,0.702928870292887
ma-bak-cepc-0612,yeast,confident,P46670,P40987,9edr,0.6379310344827587,True,False,False,,ok,0.5,0.6808510638297872,0.45901639344262296,0.6434782608695652,0.4943820224719101,0.6296296296296297
ma-bak-cepc-0637,yeast,confident,P47088,P25580,23gf,0.9148936170212766,True,False,False,,ok,0.8181818181818182,0.9090909090909091,0.819672131147541,0.9081081081081082,0.8571428571428571,0.9285714285714286
ma-bak-cepc-0643,yeast,confident,P47128,Q12311,9uuo,0.8347826086956521,True,False,False,,ok,0.6923076923076923,0.7796610169491526,0.7142857142857143,0.8495575221238938,0.673469387755102,0.8795180722891566
ma-bak-cepc-0674,yeast,confident,P49018,P39012,9ub7,0.5151515151515151,True,False,False,,ok,0.25,0.42105263157894735,0.7058823529411765,0.8095238095238095,0.775,0.7936507936507936
ma-bak-cepc-0675,yeast,confident,P49018,Q04080,9ub7,0.8200836820083682,True,False,False,,ok,0.3333333333333333,0.6181818181818182,0.5323741007194245,0.8154506437768241,0.5957446808510638,0.8484848484848485
ma-bak-cepc-0700,yeast,confident,P53146,P28791,8eki,0.8421052631578947,True,False,False,,ok,0.5333333333333333,0.7647058823529411,0.676923076923077,0.8421052631578947,0.7701863354037267,0.9056603773584906
ma-bak-cepc-0701,yeast,confident,P53146,Q12745,8eki,0.9176470588235294,True,False,False,,ok,0.8571428571428571,0.8695652173913043,0.8863636363636364,0.9176470588235294,0.8478260869565217,0.8551724137931035
ma-bak-cepc-0719,yeast,confident,P53267,Q12248,8q84,0.6597938144329897,True,True,True,6CFZ,ok,0.05263157894736842,0.48148148148148145,0.015384615384615385,0.6526315789473685,0.05357142857142857,0.7898089171974523
ma-bak-cepc-0732,yeast,confident,P53335,P53131,8rdy,0.8235294117647058,True,False,False,,ok,0.6666666666666666,0.8076923076923077,0.8518518518518519,0.8974358974358975,0.8715596330275229,0.9365079365079365
ma-bak-cepc-0734,yeast,confident,P53437,P38204,7z0o,0.9521410579345088,True,False,False,,ok,0.8775510204081632,0.9083333333333333,0.896774193548387,0.9518987341772152,0.8922686945500634,0.9622641509433962
ma-bak-cepc-0771,yeast,confident,P05748,P21304,10zz,0.4242424242424242,False,True,True,"4V3P,4V7E",ok,0.06666666666666667,0.13953488372093023,0.21739130434782608,0.3870967741935484,0.27350427350427353,0.5
ma-bak-cepc-0780,yeast,confident,P69851,P69852,8q84,0.918032786885246,True,False,False,,ok,0.7586206896551724,0.9166666666666666,0.8947368421052632,0.9180327868852459,0.9246231155778895,0.9263157894736842
ma-bak-cepc-0794,yeast,confident,Q01852,P39515,9n84,0.5714285714285714,True,False,False,,ok,0.5,0.6666666666666666,0.34545454545454546,0.5714285714285714,0.5112781954887218,0.7636363636363637
ma-bak-cepc-0797,yeast,confident,Q02199,P14907,7wot,0.5560165975103735,True,True,True,"8ZZA,8ZZB,8ZZC,8ZZK",ok,0.275,0.4742268041237113,0.38922155688622756,0.5665236051502146,0.4037122969837587,0.6421052631578947
ma-bak-cepc-0798,yeast,confident,Q02199,P48837,7wot,0.6878980891719745,True,False,False,,ok,0.14035087719298245,0.3007518796992481,0.3853211009174312,0.6900958466453674,0.42034548944337813,0.7442827442827443
ma-bak-cepc-0809,yeast,confident,Q02574,P48581,8fs6,0.9176470588235294,True,False,False,,ok,0.8125,0.9166666666666666,0.8032786885245902,0.9176470588235294,0.8854961832061069,0.9420289855072463
ma-bak-cepc-0821,yeast,confident,Q02793,P23179,8uru,0.8421052631578947,True,False,False,,ok,0.6666666666666666,0.7272727272727273,0.821917808219178,0.8421052631578947,0.8333333333333334,0.9351851851851852
ma-bak-cepc-0863,yeast,confident,Q03579,P28496,8qtr,0.7848101265822784,True,False,False,,ok,0.3333333333333333,0.6060606060606061,0.5178571428571429,0.7692307692307693,0.5909090909090909,0.8467153284671532
ma-bak-cepc-0868,yeast,confident,Q03723,P39007,7oci,0.964824120603015,True,False,False,,ok,0.9130434782608695,0.8672566371681416,0.967479674796748,0.9696969696969697,0.9637883008356546,0.9570552147239264
ma-bak-cepc-0878,yeast,confident,Q04080,P38875,9ub8,0.8545454545454545,True,False,False,,ok,0.7333333333333333,0.8421052631578947,0.7952755905511811,0.8663594470046083,0.822289156626506,0.9142857142857143
ma-bak-cepc-0913,yeast,confident,Q05541,P43124,7tve,0.8692579505300353,True,False,False,,ok,0.8095238095238095,0.8280254777070064,0.751219512195122,0.8652482269503546,0.7987679671457906,0.9002433090024331
ma-bak-cepc-0926,yeast,confident,Q06163,Q03096,9swn,0.8427672955974843,True,False,False,,ok,0.7916666666666666,0.7323943661971831,0.7848101265822784,0.8571428571428571,0.8968609865470852,0.9375
ma-bak-cepc-0945,yeast,confident,Q06551,P41912,8hfc,0.9433962264150944,True,False,False,,ok,0.6956521739130435,0.8148148148148148,0.8041958041958042,0.9433962264150944,0.8131868131868132,0.9230769230769231
ma-bak-cepc-0960,yeast,confident,Q07913,P43124,7ymd,0.7111111111111111,True,False,False,,ok,0.13636363636363635,0.5714285714285714,0.21875,0.6966292134831461,0.43373493975903615,0.8027210884353742
ma-bak-cepc-0961,yeast,confident,Q07913,Q05541,7tve,0.8544600938967136,True,False,False,,ok,0.4878048780487805,0.7184466019417476,0.6641221374045801,0.8530805687203792,0.7444444444444445,0.9194029850746268
ma-bak-cepc-0992,yeast,confident,Q08923,P31385,9v2v,0.3870967741935484,False,False,False,,ok,0.0,0.3333333333333333,0.0625,0.38961038961038963,0.17796610169491525,0.6434782608695652
ma-bak-cepc-0993,yeast,confident,Q08949,P48581,8fs5,0.7272727272727273,True,False,False,,ok,0.5625,0.7619047619047619,0.84375,0.967032967032967,0.8211920529801324,0.9253731343283582
ma-bak-cepc-0994,yeast,confident,Q08949,Q02574,8fs7,0.6741573033707865,True,False,False,,ok,0.7777777777777778,0.7,0.6808510638297872,0.7407407407407407,0.7652173913043478,0.8062015503875969
ma-bak-cepc-1015,yeast,confident,Q12124,P40356,7uil,0.6909090909090909,True,True,True,8ZZ3,ok,1.0,0.3333333333333333,0.8235294117647058,0.7128712871287128,0.8073394495412844,0.7453416149068323
ma-bak-cepc-1021,yeast,confident,Q12143,P47149,9s4q,0.8813559322033898,True,True,True,5T58,ok,0.3333333333333333,0.6,0.7142857142857143,0.8813559322033898,0.7475728155339806,0.8545454545454545
ma-bak-cepc-1033,yeast,confident,Q12248,P69850,8q84,0.8760330578512396,True,True,True,6CFZ,ok,0.6086956521739131,0.6885245901639344,0.7428571428571429,0.8760330578512396,0.75625,0.8333333333333334
ma-bak-cepc-1047,yeast,confident,Q12343,Q12321,8cen,0.8947368421052632,True,True,True,8ZZ3,ok,1.0,0.9473684210526315,0.8636363636363636,0.8947368421052632,0.9107142857142857,0.9230769230769231
ma-bak-cepc-1053,yeast,confident,Q12387,Q06504,8bip,0.9294605809128632,True,False,True,,ok,0.7936507936507936,0.881578947368421,0.8451612903225807,0.925,0.844097995545657,0.9405684754521964
ma-bak-cepc-1060,yeast,confident,Q12432,Q04779,8kc7,0.7015706806282722,True,False,False,,ok,0.4318181818181818,0.6326530612244898,0.49333333333333335,0.7127659574468085,0.5163934426229508,0.7279151943462897
ma-bak-cepc-1084,yeast,confident,Q3E790,P40970,8qof,0.9133858267716536,True,False,False,,ok,0.4,0.6557377049180327,0.5454545454545454,0.9133858267716536,0.5696969696969697,0.883248730964467
ma-bak-cepc-1101,yeast,confident,Q99216,Q08444,8c01,0.8571428571428571,True,True,True,"6G18,6G4S,6G51,6G53",ok,0.75,0.8387096774193549,0.7567567567567568,0.8333333333333334,0.75,0.813953488372093
